coefficients,original_coefficients,savings_coefficients
beta_base,0.4339457004873968,0.25805
beta_cdd,0.01789806684351404,0.010372
beta_betc,23.05731038915521,23.05731038915521
beta_hdd,0.01198562756041771,0.0
beta_beth,12.778801876211462,12.778801876211462
