coefficients,original_coefficients,savings_coefficients
beta_base,0.38980525264795074,0.25805
beta_cdd,0.02595181936802051,0.010372
beta_betc,17.60113397469372,17.60113397469372
beta_hdd,0.01571366477719969,0.0
beta_beth,10.73645390576577,10.73645390576577
