coefficients,original_coefficients,savings_coefficients
beta_base,0.009633227746651912,0.009633227746651912
beta_cdd,,
beta_betc,,
beta_hdd,0.0008743278290407996,0.0008743278290407996
beta_beth,17.657017167293947,14.0
