coefficients,original_coefficients,savings_coefficients
beta_base,0.009445459546419994,0.009445459546419994
beta_cdd,,
beta_betc,,
beta_hdd,0.00014242255299469467,0.00014242255299469467
beta_beth,22.104669931707075,14.0
